<?xml version="1.0" encoding="UTF-8"?>
<DJS>
    <DJ ID="16">
        <YEAR_STARTED_PERFORMING>2009</YEAR_STARTED_PERFORMING>
        <NET_WORTH>25,000,000</NET_WORTH>
        <YEAR_OF_BIRTH>1991</YEAR_OF_BIRTH>
    </DJ>
    <DJ ID="17">
        <YEAR_STARTED_PERFORMING>1980</YEAR_STARTED_PERFORMING>
        <NET_WORTH>75,000,000</NET_WORTH>
        <YEAR_OF_BIRTH>1967</YEAR_OF_BIRTH>
    </DJ>
    <DJ ID="18">
        <YEAR_STARTED_PERFORMING>2013</YEAR_STARTED_PERFORMING>
        <YEAR_OF_BIRTH>1987</YEAR_OF_BIRTH>
    </DJ>
    <DJ ID="19">
        <YEAR_STARTED_PERFORMING>1996</YEAR_STARTED_PERFORMING>
        <NET_WORTH>75,000,000</NET_WORTH>
    </DJ>
</DJS>
