<?xml version="1.0" encoding="UTF-8"?>
<GROUPS>
    <GROUP ID="1">
        <YEAR_FORMED>1981</YEAR_FORMED>
        <NUMBER_OF_MEMBERS>9</NUMBER_OF_MEMBERS>
    </GROUP>
    <GROUP ID="2">
        <YEAR_FORMED>1994</YEAR_FORMED>
        <NUMBER_OF_MEMBERS>6</NUMBER_OF_MEMBERS>
    </GROUP>
    <GROUP ID="3">
        <YEAR_FORMED>1993</YEAR_FORMED>
        <NUMBER_OF_MEMBERS>10</NUMBER_OF_MEMBERS>
    </GROUP>
    <GROUP ID="4">
        <YEAR_FORMED>1975</YEAR_FORMED>
        <NUMBER_OF_MEMBERS>17</NUMBER_OF_MEMBERS>
    </GROUP>
    <GROUP ID="5">
        <YEAR_FORMED>1994</YEAR_FORMED>
        <NUMBER_OF_MEMBERS>3</NUMBER_OF_MEMBERS>
    </GROUP>
    <GROUP ID="6">
        <YEAR_FORMED>1996</YEAR_FORMED>
        <NUMBER_OF_MEMBERS>5</NUMBER_OF_MEMBERS>
    </GROUP>
    <GROUP ID="7">
        <YEAR_FORMED>1992</YEAR_FORMED>
        <NUMBER_OF_MEMBERS>12</NUMBER_OF_MEMBERS>
    </GROUP>
    <GROUP ID="8">
        <YEAR_FORMED>1984</YEAR_FORMED>
        <NUMBER_OF_MEMBERS>7</NUMBER_OF_MEMBERS>
    </GROUP>
    <GROUP ID="9">
        <YEAR_FORMED>1999</YEAR_FORMED>
        <NUMBER_OF_MEMBERS>5</NUMBER_OF_MEMBERS>
    </GROUP>
    <GROUP ID="10">
        <YEAR_FORMED>1994</YEAR_FORMED>
        <NUMBER_OF_MEMBERS>5</NUMBER_OF_MEMBERS>
    </GROUP>
    <GROUP ID="11">
        <YEAR_FORMED>1996</YEAR_FORMED>
        <NUMBER_OF_MEMBERS>9</NUMBER_OF_MEMBERS>
    </GROUP>
    <GROUP ID="12">
        <YEAR_FORMED>1970</YEAR_FORMED>
        <NUMBER_OF_MEMBERS>10</NUMBER_OF_MEMBERS>
    </GROUP>
</GROUPS>