<?xml version="1.0" encoding="UTF-8"?>

<!-- 0 functional, 1-slightly damaged, 2 - damaged-->
<!-- 0 - free, 1- occupied -->

<RENTS>
    <RENT ID="1" CLIENT_ID="24" CD_ID="1">
        <FROM_DATE>01/10/2020</FROM_DATE>
        <RETURN_STATE>functional</RETURN_STATE>
        <RETURN_DATE>01/20/2020</RETURN_DATE>
    </RENT>
    <RENT ID="2" CLIENT_ID="1" CD_ID="2">
        <FROM_DATE>01/10/2020</FROM_DATE>
        <RETURN_STATE>0</RETURN_STATE>
        <RETURN_DATE>01/21/2020</RETURN_DATE>
    </RENT>
    <RENT ID="3" CLIENT_ID="16" CD_ID="3">
        <FROM_DATE>01/10/2020</FROM_DATE>
        <RETURN_STATE>0</RETURN_STATE>
        <RETURN_DATE>01/25/2020</RETURN_DATE>
    </RENT>
    <RENT ID="4" CLIENT_ID="15" CD_ID="4">
        <FROM_DATE>01/10/2020</FROM_DATE>
        <RETURN_STATE>0</RETURN_STATE>
        <RETURN_DATE>01/20/2020</RETURN_DATE>
    </RENT>
    <RENT ID="5" CLIENT_ID="27" CD_ID="5">
        <FROM_DATE>01/10/2020</FROM_DATE>
        <RETURN_STATE>0</RETURN_STATE>
        <RETURN_DATE>01/27/2020</RETURN_DATE>
    </RENT>
    <RENT ID="6" CLIENT_ID="1" CD_ID="6">
        <FROM_DATE>01/10/2020</FROM_DATE>
        <RETURN_STATE>0</RETURN_STATE>
        <RETURN_DATE>01/20/2020</RETURN_DATE>
    </RENT>
    <RENT ID="7" CLIENT_ID="8" CD_ID="7">
        <FROM_DATE>01/10/2020</FROM_DATE>
        <RETURN_STATE>0</RETURN_STATE>
        <RETURN_DATE>01/22/2020</RETURN_DATE>
    </RENT>
    <RENT ID="8" CLIENT_ID="24" CD_ID="8">
        <FROM_DATE>01/10/2020</FROM_DATE>
        <RETURN_STATE>0</RETURN_STATE>
        <RETURN_DATE>01/28/2020</RETURN_DATE>
    </RENT>
    <RENT ID="9" CLIENT_ID="34" CD_ID="9">
        <FROM_DATE>01/10/2020</FROM_DATE>
        <RETURN_STATE>0</RETURN_STATE>
        <RETURN_DATE>02/05/2020</RETURN_DATE>
    </RENT>
    <RENT ID="10" CLIENT_ID="32" CD_ID="10">
        <FROM_DATE>01/10/2020</FROM_DATE>
        <RETURN_STATE>functional</RETURN_STATE>
        <RETURN_DATE>01/20/2020</RETURN_DATE>
    </RENT>
    <RENT ID="11" CLIENT_ID="19" CD_ID="11">
        <FROM_DATE>01/10/2020</FROM_DATE>
        <RETURN_STATE>functional</RETURN_STATE>
        <RETURN_DATE>01/20/2020</RETURN_DATE>
    </RENT>
    <RENT ID="12" CLIENT_ID="29" CD_ID="12">
        <FROM_DATE>01/10/2020</FROM_DATE>
        <RETURN_STATE>functional</RETURN_STATE>
        <RETURN_DATE>01/20/2020</RETURN_DATE>
    </RENT>
    <RENT ID="13" CLIENT_ID="1" CD_ID="13">
        <FROM_DATE>01/10/2020</FROM_DATE>
        <RETURN_STATE>0</RETURN_STATE>
        <RETURN_DATE>01/20/2020</RETURN_DATE>
    </RENT>
    <RENT ID="14" CLIENT_ID="24" CD_ID="14">
        <FROM_DATE>01/10/2020</FROM_DATE>
        <RETURN_STATE>0</RETURN_STATE>
        <RETURN_DATE>01/20/2020</RETURN_DATE>
    </RENT>
    <RENT ID="15" CLIENT_ID="2" CD_ID="15">
        <FROM_DATE>01/10/2020</FROM_DATE>
        <RETURN_STATE>0</RETURN_STATE>
        <RETURN_DATE>01/20/2020</RETURN_DATE>
    </RENT>
    <RENT ID="16" CLIENT_ID="2" CD_ID="16">
        <FROM_DATE>01/10/2020</FROM_DATE>
        <RETURN_STATE>0</RETURN_STATE>
        <RETURN_DATE>01/20/2020</RETURN_DATE>
    </RENT>
    <RENT ID="17" CLIENT_ID="34" CD_ID="17">
        <FROM_DATE>01/10/2020</FROM_DATE>
        <RETURN_STATE>0</RETURN_STATE>
        <RETURN_DATE>01/20/2020</RETURN_DATE>
    </RENT>
    <RENT ID="18" CLIENT_ID="3" CD_ID="18">
        <FROM_DATE>01/10/2020</FROM_DATE>
        <RETURN_STATE>functional</RETURN_STATE>
        <RETURN_DATE>01/20/2020</RETURN_DATE>
    </RENT>
    <RENT ID="19" CLIENT_ID="17" CD_ID="19">
        <FROM_DATE>01/12/2020</FROM_DATE>
        <RETURN_STATE>0</RETURN_STATE>
        <RETURN_DATE>01/20/2020</RETURN_DATE>
    </RENT>
    <RENT ID="20" CLIENT_ID="12" CD_ID="20">
        <FROM_DATE>01/12/2020</FROM_DATE>
        <RETURN_STATE>0</RETURN_STATE>
        <RETURN_DATE>01/20/2020</RETURN_DATE>
    </RENT>
    <RENT ID="21" CLIENT_ID="4" CD_ID="21">
        <FROM_DATE>01/12/2020</FROM_DATE>
        <RETURN_STATE>0</RETURN_STATE>
        <RETURN_DATE>01/20/2020</RETURN_DATE>
    </RENT>
    <RENT ID="22" CLIENT_ID="6" CD_ID="22">
        <FROM_DATE>01/12/2020</FROM_DATE>
        <RETURN_STATE>0</RETURN_STATE>
        <RETURN_DATE>01/20/2020</RETURN_DATE>
    </RENT>
    <RENT ID="23" CLIENT_ID="18" CD_ID="23">
        <FROM_DATE>01/12/2020</FROM_DATE>
        <RETURN_STATE>0</RETURN_STATE>
        <RETURN_DATE>01/20/2020</RETURN_DATE>
    </RENT>
    <RENT ID="24" CLIENT_ID="6" CD_ID="24">
        <FROM_DATE>01/12/2020</FROM_DATE>
        <RETURN_STATE>0</RETURN_STATE>
        <RETURN_DATE>01/25/2020</RETURN_DATE>
    </RENT>
    <RENT ID="25" CLIENT_ID="4" CD_ID="25">
        <FROM_DATE>01/10/2020</FROM_DATE>
        <RETURN_STATE>functional</RETURN_STATE>
        <RETURN_DATE>01/26/2020</RETURN_DATE>
    </RENT>
    <RENT ID="26" CLIENT_ID="1" CD_ID="26">
        <FROM_DATE>01/16/2020</FROM_DATE>
        <RETURN_STATE>0</RETURN_STATE>
        <RETURN_DATE>01/27/2020</RETURN_DATE>
    </RENT>
    <RENT ID="27" CLIENT_ID="1" CD_ID="27">
        <FROM_DATE>01/16/2020</FROM_DATE>
        <RETURN_STATE>functional</RETURN_STATE>
        <RETURN_DATE>01/24/2020</RETURN_DATE>
    </RENT>
    <RENT ID="28" CLIENT_ID="28" CD_ID="28">
        <FROM_DATE>01/14/2020</FROM_DATE>
        <RETURN_STATE>0</RETURN_STATE>
        <RETURN_DATE>01/20/2020</RETURN_DATE>
    </RENT>
    <RENT ID="29" CLIENT_ID="30" CD_ID="29">
        <FROM_DATE>01/12/2020</FROM_DATE>
        <RETURN_STATE>0</RETURN_STATE>
        <RETURN_DATE>01/20/2020</RETURN_DATE>
    </RENT>
    <RENT ID="30" CLIENT_ID="8" CD_ID="30">
        <FROM_DATE>01/10/2020</FROM_DATE>
        <RETURN_STATE>0</RETURN_STATE>
        <RETURN_DATE>01/20/2020</RETURN_DATE>
    </RENT>
    <RENT ID="31" CLIENT_ID="10" CD_ID="31">
        <FROM_DATE>01/11/2020</FROM_DATE>
        <RETURN_STATE>0</RETURN_STATE>
        <RETURN_DATE>01/23/2020</RETURN_DATE>
    </RENT>
    <RENT ID="32" CLIENT_ID="11" CD_ID="32">
        <FROM_DATE>01/10/2020</FROM_DATE>
        <RETURN_STATE>0</RETURN_STATE>
        <RETURN_DATE>01/20/2020</RETURN_DATE>
    </RENT>
    <RENT ID="33" CLIENT_ID="23" CD_ID="33">
        <FROM_DATE>01/10/2020</FROM_DATE>
        <RETURN_STATE>0</RETURN_STATE>
        <RETURN_DATE>01/23/2020</RETURN_DATE>
    </RENT>
    <RENT ID="34" CLIENT_ID="21" CD_ID="34">
        <FROM_DATE>01/10/2020</FROM_DATE>
        <RETURN_STATE>0</RETURN_STATE>
        <RETURN_DATE>01/20/2020</RETURN_DATE>
    </RENT>
    <RENT ID="35" CLIENT_ID="32" CD_ID="35">
        <FROM_DATE>01/10/2020</FROM_DATE>
        <RETURN_STATE>0</RETURN_STATE>
        <RETURN_DATE>01/20/2020</RETURN_DATE>
    </RENT>
    <RENT ID="36" CLIENT_ID="30" CD_ID="36">
        <FROM_DATE>01/10/2020</FROM_DATE>
        <RETURN_STATE>0</RETURN_STATE>
        <RETURN_DATE>01/20/2020</RETURN_DATE>
    </RENT>
    <RENT ID="37" CLIENT_ID="4" CD_ID="37">
        <FROM_DATE>01/10/2020</FROM_DATE>
        <RETURN_STATE>0</RETURN_STATE>
        <RETURN_DATE>01/25/2020</RETURN_DATE>
    </RENT>
    <RENT ID="38" CLIENT_ID="20" CD_ID="38">
        <FROM_DATE>01/10/2020</FROM_DATE>
        <RETURN_STATE>0</RETURN_STATE>
        <RETURN_DATE>01/24/2020</RETURN_DATE>
    </RENT>
    <RENT ID="39" CLIENT_ID="30" CD_ID="39">
        <FROM_DATE>01/10/2020</FROM_DATE>
        <RETURN_STATE>0</RETURN_STATE>
        <RETURN_DATE>01/20/2020</RETURN_DATE>
    </RENT>
    <RENT ID="40" CLIENT_ID="7" CD_ID="40">
        <FROM_DATE>01/10/2020</FROM_DATE>
        <RETURN_STATE>0</RETURN_STATE>
        <RETURN_DATE>01/25/2020</RETURN_DATE>
    </RENT>
    <RENT ID="41" CLIENT_ID="1" CD_ID="41">
        <FROM_DATE>01/13/2020</FROM_DATE>
        <RETURN_STATE>0</RETURN_STATE>
        <RETURN_DATE>01/22/2020</RETURN_DATE>
    </RENT>
    <RENT ID="42" CLIENT_ID="28" CD_ID="42">
        <FROM_DATE>01/12/2020</FROM_DATE>
        <RETURN_STATE>0</RETURN_STATE>
        <RETURN_DATE>01/20/2020</RETURN_DATE>
    </RENT>
    <RENT ID="43" CLIENT_ID="2" CD_ID="43">
        <FROM_DATE>01/14/2020</FROM_DATE>
        <RETURN_STATE>0</RETURN_STATE>
        <RETURN_DATE>01/20/2020</RETURN_DATE>
    </RENT>
    <RENT ID="44" CLIENT_ID="5" CD_ID="44">
        <FROM_DATE>01/10/2020</FROM_DATE>
        <RETURN_STATE>0</RETURN_STATE>
        <RETURN_DATE>01/20/2020</RETURN_DATE>
    </RENT>
    <RENT ID="45" CLIENT_ID="33" CD_ID="45">
        <FROM_DATE>01/10/2020</FROM_DATE>
        <RETURN_STATE>0</RETURN_STATE>
        <RETURN_DATE>01/20/2020</RETURN_DATE>
    </RENT>
    <RENT ID="46" CLIENT_ID="1" CD_ID="46">
        <FROM_DATE>01/10/2020</FROM_DATE>
        <RETURN_STATE>0</RETURN_STATE>
        <RETURN_DATE>01/20/2020</RETURN_DATE>
    </RENT>
    <RENT ID="47" CLIENT_ID="18" CD_ID="47">
        <FROM_DATE>01/10/2020</FROM_DATE>
        <RETURN_STATE>0</RETURN_STATE>
        <RETURN_DATE>01/20/2020</RETURN_DATE>
    </RENT>
    <RENT ID="48" CLIENT_ID="32" CD_ID="48">
        <FROM_DATE>01/10/2020</FROM_DATE>
        <RETURN_STATE>functional</RETURN_STATE>
        <RETURN_DATE>01/20/2020</RETURN_DATE>
    </RENT>
    <RENT ID="49" CLIENT_ID="8" CD_ID="49">
        <FROM_DATE>01/10/2020</FROM_DATE>
        <RETURN_STATE>functional</RETURN_STATE>
        <RETURN_DATE>01/20/2020</RETURN_DATE>
    </RENT>
    <RENT ID="50" CLIENT_ID="31" CD_ID="50">
        <FROM_DATE>01/10/2020</FROM_DATE>
        <RETURN_STATE>0</RETURN_STATE>
        <RETURN_DATE>01/20/2020</RETURN_DATE>
    </RENT>
    <RENT ID="51" CLIENT_ID="9" CD_ID="51">
        <FROM_DATE>01/10/2020</FROM_DATE>
        <RETURN_STATE>0</RETURN_STATE>
        <RETURN_DATE>01/27/2020</RETURN_DATE>
    </RENT>
    <RENT ID="52" CLIENT_ID="25" CD_ID="52">
        <FROM_DATE>01/10/2020</FROM_DATE>
        <RETURN_STATE>0</RETURN_STATE>
        <RETURN_DATE>01/17/2020</RETURN_DATE>
    </RENT>
    <RENT ID="53" CLIENT_ID="18" CD_ID="53">
        <FROM_DATE>01/10/2020</FROM_DATE>
        <RETURN_STATE>0</RETURN_STATE>
        <RETURN_DATE>01/20/2020</RETURN_DATE>
    </RENT>
    <RENT ID="54" CLIENT_ID="24" CD_ID="54">
        <FROM_DATE>01/10/2020</FROM_DATE>
        <RETURN_STATE>0</RETURN_STATE>
        <RETURN_DATE>01/20/2020</RETURN_DATE>
    </RENT>
    <RENT ID="55" CLIENT_ID="34" CD_ID="55">
        <FROM_DATE>01/10/2020</FROM_DATE>
        <RETURN_STATE>0</RETURN_STATE>
        <RETURN_DATE>01/20/2020</RETURN_DATE>
    </RENT>
    <RENT ID="56" CLIENT_ID="33" CD_ID="56">
        <FROM_DATE>01/10/2020</FROM_DATE>
        <RETURN_STATE>0</RETURN_STATE>
        <RETURN_DATE>01/20/2020</RETURN_DATE>
    </RENT>
    <RENT ID="57" CLIENT_ID="17" CD_ID="57">
        <FROM_DATE>01/10/2020</FROM_DATE>
        <RETURN_STATE>0</RETURN_STATE>
        <RETURN_DATE>01/20/2020</RETURN_DATE>
    </RENT>
    <RENT ID="58" CLIENT_ID="20" CD_ID="58">
        <FROM_DATE>01/10/2020</FROM_DATE>
        <RETURN_STATE>0</RETURN_STATE>
        <RETURN_DATE>01/20/2020</RETURN_DATE>
    </RENT>
    <RENT ID="59" CLIENT_ID="7" CD_ID="59">
        <FROM_DATE>01/12/2020</FROM_DATE>
        <RETURN_STATE>0</RETURN_STATE>
        <RETURN_DATE>01/19/2020</RETURN_DATE>
    </RENT>
    <RENT ID="60" CLIENT_ID="24" CD_ID="60">
        <FROM_DATE>01/15/2020</FROM_DATE>
        <RETURN_STATE>0</RETURN_STATE>
        <RETURN_DATE>01/20/2020</RETURN_DATE>
    </RENT>
    <RENT ID="61" CLIENT_ID="18" CD_ID="61">
        <FROM_DATE>01/18/2020</FROM_DATE>
        <RETURN_STATE>0</RETURN_STATE>
        <RETURN_DATE>01/26/2020</RETURN_DATE>
    </RENT>
    <RENT ID="62" CLIENT_ID="34" CD_ID="62">
        <FROM_DATE>01/10/2020</FROM_DATE>
        <RETURN_STATE>0</RETURN_STATE>
        <RETURN_DATE>01/20/2020</RETURN_DATE>
    </RENT>
    <RENT ID="63" CLIENT_ID="12" CD_ID="63">
        <FROM_DATE>01/12/2020</FROM_DATE>
        <RETURN_STATE>0</RETURN_STATE>
        <RETURN_DATE>01/25/2020</RETURN_DATE>
    </RENT>
    <RENT ID="64" CLIENT_ID="9" CD_ID="64">
        <FROM_DATE>01/10/2020</FROM_DATE>
        <RETURN_STATE>0</RETURN_STATE>
        <RETURN_DATE>01/20/2020</RETURN_DATE>
    </RENT>
    <RENT ID="65" CLIENT_ID="4" CD_ID="65">
        <FROM_DATE>01/10/2020</FROM_DATE>
        <RETURN_STATE>0</RETURN_STATE>
        <RETURN_DATE>01/20/2020</RETURN_DATE>
    </RENT>
    <RENT ID="66" CLIENT_ID="14" CD_ID="66">
        <FROM_DATE>01/12/2020</FROM_DATE>
        <RETURN_STATE>0</RETURN_STATE>
        <RETURN_DATE>01/20/2020</RETURN_DATE>
    </RENT>
    <RENT ID="67" CLIENT_ID="11" CD_ID="67">
        <FROM_DATE>01/11/2020</FROM_DATE>
        <RETURN_STATE>0</RETURN_STATE>
        <RETURN_DATE>01/20/2020</RETURN_DATE>
    </RENT>
    <RENT ID="68" CLIENT_ID="10" CD_ID="68">
        <FROM_DATE>01/10/2020</FROM_DATE>
        <RETURN_STATE>0</RETURN_STATE>
        <RETURN_DATE>01/22/2020</RETURN_DATE>
    </RENT>
    <RENT ID="69" CLIENT_ID="16" CD_ID="69">
        <FROM_DATE>01/15/2020</FROM_DATE>
        <RETURN_STATE>0</RETURN_STATE>
        <RETURN_DATE>01/20/2020</RETURN_DATE>
    </RENT>
    <RENT ID="70" CLIENT_ID="27" CD_ID="70">
        <FROM_DATE>01/10/2020</FROM_DATE>
        <RETURN_STATE>functional</RETURN_STATE>
        <RETURN_DATE>01/20/2020</RETURN_DATE>
    </RENT>
    <RENT ID="71" CLIENT_ID="1" CD_ID="71">
        <FROM_DATE>01/17/2020</FROM_DATE>
        <RETURN_STATE>0</RETURN_STATE>
        <RETURN_DATE>01/29/2020</RETURN_DATE>
    </RENT>
    <RENT ID="72" CLIENT_ID="15" CD_ID="72">
        <FROM_DATE>01/10/2020</FROM_DATE>
        <RETURN_STATE>0</RETURN_STATE>
        <RETURN_DATE>01/20/2020</RETURN_DATE>
    </RENT>
    <RENT ID="73" CLIENT_ID="11" CD_ID="73">
        <FROM_DATE>01/15/2020</FROM_DATE>
        <RETURN_STATE>0</RETURN_STATE>
        <RETURN_DATE>01/20/2020</RETURN_DATE>
    </RENT>
    <RENT ID="74" CLIENT_ID="15" CD_ID="74">
        <FROM_DATE>01/10/2020</FROM_DATE>
        <RETURN_STATE>0</RETURN_STATE>
        <RETURN_DATE>01/20/2020</RETURN_DATE>
    </RENT>
    <RENT ID="75" CLIENT_ID="30" CD_ID="75">
        <FROM_DATE>01/20/2020</FROM_DATE>
        <RETURN_STATE>0</RETURN_STATE>
        <RETURN_DATE>01/27/2020</RETURN_DATE>
    </RENT>
    <RENT ID="76" CLIENT_ID="32" CD_ID="76">
        <FROM_DATE>01/19/2020</FROM_DATE>
        <RETURN_STATE>0</RETURN_STATE>
        <RETURN_DATE>01/25/2020</RETURN_DATE>
    </RENT>
    <RENT ID="77" CLIENT_ID="17" CD_ID="77">
        <FROM_DATE>01/10/2020</FROM_DATE>
        <RETURN_STATE>0</RETURN_STATE>
        <RETURN_DATE>01/20/2020</RETURN_DATE>
    </RENT>
    <RENT ID="78" CLIENT_ID="7" CD_ID="78">
        <FROM_DATE>01/15/2020</FROM_DATE>
        <RETURN_STATE>0</RETURN_STATE>
        <RETURN_DATE>01/30/2020</RETURN_DATE>
    </RENT>





        <RENT ID="79" CLIENT_ID="29" CD_ID="1">
        <FROM_DATE>02/04/2020</FROM_DATE>
        <RETURN_STATE>functional</RETURN_STATE>
        <RETURN_DATE>02/17/2020</RETURN_DATE>
    </RENT>
    <RENT ID="80" CLIENT_ID="2" CD_ID="2">
        <FROM_DATE>02/04/2020</FROM_DATE>
        <RETURN_STATE>0</RETURN_STATE>
        <RETURN_DATE>02/18/2020</RETURN_DATE>
    </RENT>
    <RENT ID="81" CLIENT_ID="30" CD_ID="3">
        <FROM_DATE>02/04/2020</FROM_DATE>
        <RETURN_STATE>0</RETURN_STATE>
        <RETURN_DATE>02/17/2020</RETURN_DATE>
    </RENT>
    <RENT ID="82" CLIENT_ID="11" CD_ID="4">
        <FROM_DATE>02/04/2020</FROM_DATE>
        <RETURN_STATE>0</RETURN_STATE>
        <RETURN_DATE>02/19/2020</RETURN_DATE>
    </RENT>
    <RENT ID="83" CLIENT_ID="12" CD_ID="5">
        <FROM_DATE>02/04/2020</FROM_DATE>
        <RETURN_STATE>0</RETURN_STATE>
        <RETURN_DATE>02/17/2020</RETURN_DATE>
    </RENT>
    <RENT ID="84" CLIENT_ID="19" CD_ID="6">
        <FROM_DATE>02/04/2020</FROM_DATE>
        <RETURN_STATE>0</RETURN_STATE>
        <RETURN_DATE>02/18/2020</RETURN_DATE>
    </RENT>
    <RENT ID="85" CLIENT_ID="28" CD_ID="7">
        <FROM_DATE>02/04/2020</FROM_DATE>
        <RETURN_STATE>0</RETURN_STATE>
        <RETURN_DATE>02/20/2020</RETURN_DATE>
    </RENT>
    <RENT ID="86" CLIENT_ID="34" CD_ID="8">
        <FROM_DATE>02/04/2020</FROM_DATE>
        <RETURN_STATE>0</RETURN_STATE>
        <RETURN_DATE>02/20/2020</RETURN_DATE>
    </RENT>
    <RENT ID="87" CLIENT_ID="33" CD_ID="9">
        <FROM_DATE>02/04/2020</FROM_DATE>
        <RETURN_STATE>0</RETURN_STATE>
        <RETURN_DATE>02/19/2020</RETURN_DATE>
    </RENT>
    <RENT ID="88" CLIENT_ID="15" CD_ID="10">
        <FROM_DATE>02/04/2020</FROM_DATE>
        <RETURN_STATE>functional</RETURN_STATE>
        <RETURN_DATE>02/11/2020</RETURN_DATE>
    </RENT>
    <RENT ID="89" CLIENT_ID="31" CD_ID="11">
        <FROM_DATE>02/04/2020</FROM_DATE>
        <RETURN_STATE>functional</RETURN_STATE>
        <RETURN_DATE>02/18/2020</RETURN_DATE>
    </RENT>
    <RENT ID="90" CLIENT_ID="32" CD_ID="12">
        <FROM_DATE>02/04/2020</FROM_DATE>
        <RETURN_STATE>functional</RETURN_STATE>
        <RETURN_DATE>02/12/2020</RETURN_DATE>
    </RENT>
    <RENT ID="91" CLIENT_ID="14" CD_ID="13">
        <FROM_DATE>02/04/2020</FROM_DATE>
        <RETURN_STATE>0</RETURN_STATE>
        <RETURN_DATE>02/14/2020</RETURN_DATE>
    </RENT>
    <RENT ID="92" CLIENT_ID="6" CD_ID="14">
        <FROM_DATE>02/04/2020</FROM_DATE>
        <RETURN_STATE>0</RETURN_STATE>
        <RETURN_DATE>02/19/2020</RETURN_DATE>
    </RENT>
    <RENT ID="93" CLIENT_ID="7" CD_ID="15">
        <FROM_DATE>02/04/2020</FROM_DATE>
        <RETURN_STATE>0</RETURN_STATE>
        <RETURN_DATE>02/19/2020</RETURN_DATE>
    </RENT>
    <RENT ID="94" CLIENT_ID="23" CD_ID="16">
        <FROM_DATE>02/04/2020</FROM_DATE>
        <RETURN_STATE>0</RETURN_STATE>
        <RETURN_DATE>02/21/2020</RETURN_DATE>
    </RENT>
    <RENT ID="95" CLIENT_ID="7" CD_ID="17">
        <FROM_DATE>02/04/2020</FROM_DATE>
        <RETURN_STATE>0</RETURN_STATE>
        <RETURN_DATE>02/20/2020</RETURN_DATE>
    </RENT>
    <RENT ID="96" CLIENT_ID="7" CD_ID="18">
        <FROM_DATE>02/04/2020</FROM_DATE>
        <RETURN_STATE>functional</RETURN_STATE>
        <RETURN_DATE>02/22/2020</RETURN_DATE>
    </RENT>
    <RENT ID="97" CLIENT_ID="20" CD_ID="19">
        <FROM_DATE>02/04/2020</FROM_DATE>
        <RETURN_STATE>0</RETURN_STATE>
        <RETURN_DATE>02/23/2020</RETURN_DATE>
    </RENT>
    <RENT ID="98" CLIENT_ID="12" CD_ID="20">
        <FROM_DATE>02/04/2020</FROM_DATE>
        <RETURN_STATE>0</RETURN_STATE>
        <RETURN_DATE>02/27/2020</RETURN_DATE>
    </RENT>
    <RENT ID="99" CLIENT_ID="22" CD_ID="21">
        <FROM_DATE>02/04/2020</FROM_DATE>
        <RETURN_STATE>0</RETURN_STATE>
        <RETURN_DATE>02/27/2020</RETURN_DATE>
    </RENT>
    <RENT ID="100" CLIENT_ID="7" CD_ID="22">
        <FROM_DATE>02/04/2020</FROM_DATE>
        <RETURN_STATE>0</RETURN_STATE>
        <RETURN_DATE>02/27/2020</RETURN_DATE>
    </RENT>
    <RENT ID="101" CLIENT_ID="13" CD_ID="23">
        <FROM_DATE>02/04/2020</FROM_DATE>
        <RETURN_STATE>0</RETURN_STATE>
        <RETURN_DATE>02/27/2020</RETURN_DATE>
    </RENT>
    <RENT ID="102" CLIENT_ID="17" CD_ID="24">
        <FROM_DATE>02/04/2020</FROM_DATE>
        <RETURN_STATE>0</RETURN_STATE>
        <RETURN_DATE>02/23/2020</RETURN_DATE>
    </RENT>
    <RENT ID="103" CLIENT_ID="7" CD_ID="25">
        <FROM_DATE>02/05/2020</FROM_DATE>
        <RETURN_STATE>functional</RETURN_STATE>
        <RETURN_DATE>02/17/2020</RETURN_DATE>
    </RENT>
    <RENT ID="104" CLIENT_ID="24" CD_ID="26">
        <FROM_DATE>02/05/2020</FROM_DATE>
        <RETURN_STATE>0</RETURN_STATE>
        <RETURN_DATE>02/17/2020</RETURN_DATE>
    </RENT>
    <RENT ID="105" CLIENT_ID="10" CD_ID="27">
        <FROM_DATE>02/06/2020</FROM_DATE>
        <RETURN_STATE>functional</RETURN_STATE>
        <RETURN_DATE>02/17/2020</RETURN_DATE>
    </RENT>
    <RENT ID="106" CLIENT_ID="8" CD_ID="28">
        <FROM_DATE>02/06/2020</FROM_DATE>
        <RETURN_STATE>0</RETURN_STATE>
        <RETURN_DATE>02/17/2020</RETURN_DATE>
    </RENT>
    <RENT ID="107" CLIENT_ID="16" CD_ID="29">
        <FROM_DATE>02/06/2020</FROM_DATE>
        <RETURN_STATE>0</RETURN_STATE>
        <RETURN_DATE>02/18/2020</RETURN_DATE>
    </RENT>
    <RENT ID="108" CLIENT_ID="25" CD_ID="30">
        <FROM_DATE>02/06/2020</FROM_DATE>
        <RETURN_STATE>0</RETURN_STATE>
        <RETURN_DATE>02/19/2020</RETURN_DATE>
    </RENT>
    <RENT ID="109" CLIENT_ID="3" CD_ID="31">
        <FROM_DATE>02/07/2020</FROM_DATE>
        <RETURN_STATE>0</RETURN_STATE>
        <RETURN_DATE>02/17/2020</RETURN_DATE>
    </RENT>
    <RENT ID="110" CLIENT_ID="12" CD_ID="32">
        <FROM_DATE>02/07/2020</FROM_DATE>
        <RETURN_STATE>0</RETURN_STATE>
        <RETURN_DATE>02/27/2020</RETURN_DATE>
    </RENT>
    <RENT ID="111" CLIENT_ID="20" CD_ID="33">
        <FROM_DATE>02/07/2020</FROM_DATE>
        <RETURN_STATE>0</RETURN_STATE>
        <RETURN_DATE>02/24/2020</RETURN_DATE>
    </RENT>
    <RENT ID="112" CLIENT_ID="4" CD_ID="34">
        <FROM_DATE>02/07/2020</FROM_DATE>
        <RETURN_STATE>0</RETURN_STATE>
        <RETURN_DATE>02/24/2020</RETURN_DATE>
    </RENT>
    <RENT ID="113" CLIENT_ID="20" CD_ID="35">
        <FROM_DATE>02/07/2020</FROM_DATE>
        <RETURN_STATE>0</RETURN_STATE>
        <RETURN_DATE>02/17/2020</RETURN_DATE>
    </RENT>
    <RENT ID="114" CLIENT_ID="25" CD_ID="36">
        <FROM_DATE>02/07/2020</FROM_DATE>
        <RETURN_STATE>0</RETURN_STATE>
        <RETURN_DATE>02/23/2020</RETURN_DATE>
    </RENT>
    <RENT ID="115" CLIENT_ID="24" CD_ID="37">
        <FROM_DATE>02/07/2020</FROM_DATE>
        <RETURN_STATE>0</RETURN_STATE>
        <RETURN_DATE>02/23/2020</RETURN_DATE>
    </RENT>
    <RENT ID="116" CLIENT_ID="19" CD_ID="38">
        <FROM_DATE>02/07/2020</FROM_DATE>
        <RETURN_STATE>0</RETURN_STATE>
        <RETURN_DATE>02/23/2020</RETURN_DATE>
    </RENT>
    <RENT ID="117" CLIENT_ID="1" CD_ID="39">
        <FROM_DATE>02/07/2020</FROM_DATE>
        <RETURN_STATE>0</RETURN_STATE>
        <RETURN_DATE>02/23/2020</RETURN_DATE>
    </RENT>
    <RENT ID="118" CLIENT_ID="10" CD_ID="40">
        <FROM_DATE>02/07/2020</FROM_DATE>
        <RETURN_STATE>0</RETURN_STATE>
        <RETURN_DATE>02/23/2020</RETURN_DATE>
    </RENT>
    <RENT ID="119" CLIENT_ID="10" CD_ID="41">
        <FROM_DATE>02/07/2020</FROM_DATE>
        <RETURN_STATE>0</RETURN_STATE>
        <RETURN_DATE>02/23/2020</RETURN_DATE>
    </RENT>
    <RENT ID="120" CLIENT_ID="31" CD_ID="42">
        <FROM_DATE>02/07/2020</FROM_DATE>
        <RETURN_STATE>0</RETURN_STATE>
        <RETURN_DATE>02/17/2020</RETURN_DATE>
    </RENT>
    <RENT ID="121" CLIENT_ID="20" CD_ID="43">
        <FROM_DATE>02/09/2020</FROM_DATE>
        <RETURN_STATE>0</RETURN_STATE>
        <RETURN_DATE>02/17/2020</RETURN_DATE>
    </RENT>
    <RENT ID="122" CLIENT_ID="7" CD_ID="44">
        <FROM_DATE>02/11/2020</FROM_DATE>
        <RETURN_STATE>0</RETURN_STATE>
        <RETURN_DATE>02/17/2020</RETURN_DATE>
    </RENT>
    <RENT ID="123" CLIENT_ID="10" CD_ID="45">
        <FROM_DATE>02/11/2020</FROM_DATE>
        <RETURN_STATE>0</RETURN_STATE>
        <RETURN_DATE>02/19/2020</RETURN_DATE>
    </RENT>
    <RENT ID="124" CLIENT_ID="11" CD_ID="46">
        <FROM_DATE>02/11/2020</FROM_DATE>
        <RETURN_STATE>0</RETURN_STATE>
        <RETURN_DATE>02/18/2020</RETURN_DATE>
    </RENT>
    <RENT ID="125" CLIENT_ID="25" CD_ID="47">
        <FROM_DATE>02/11/2020</FROM_DATE>
        <RETURN_STATE>0</RETURN_STATE>
        <RETURN_DATE>02/17/2020</RETURN_DATE>
    </RENT>
    <RENT ID="126" CLIENT_ID="26" CD_ID="48">
        <FROM_DATE>02/12/2020</FROM_DATE>
        <RETURN_STATE>functional</RETURN_STATE>
        <RETURN_DATE>02/20/2020</RETURN_DATE>
    </RENT>
    <RENT ID="127" CLIENT_ID="20" CD_ID="49">
        <FROM_DATE>02/12/2020</FROM_DATE>
        <RETURN_STATE>functional</RETURN_STATE>
        <RETURN_DATE>02/20/2020</RETURN_DATE>
    </RENT>
    <RENT ID="128" CLIENT_ID="1" CD_ID="50">
        <FROM_DATE>02/12/2020</FROM_DATE>
        <RETURN_STATE>0</RETURN_STATE>
        <RETURN_DATE>02/17/2020</RETURN_DATE>
    </RENT>
    <RENT ID="129" CLIENT_ID="32" CD_ID="51">
        <FROM_DATE>02/12/2020</FROM_DATE>
        <RETURN_STATE>0</RETURN_STATE>
        <RETURN_DATE>02/21/2020</RETURN_DATE>
    </RENT>
    <RENT ID="130" CLIENT_ID="16" CD_ID="52">
        <FROM_DATE>02/13/2020</FROM_DATE>
        <RETURN_STATE>0</RETURN_STATE>
        <RETURN_DATE>02/21/2020</RETURN_DATE>
    </RENT>
    <RENT ID="131" CLIENT_ID="19" CD_ID="53">
        <FROM_DATE>02/13/2020</FROM_DATE>
        <RETURN_STATE>0</RETURN_STATE>
        <RETURN_DATE>02/22/2020</RETURN_DATE>
    </RENT>
    <RENT ID="132" CLIENT_ID="10" CD_ID="54">
        <FROM_DATE>02/13/2020</FROM_DATE>
        <RETURN_STATE>0</RETURN_STATE>
        <RETURN_DATE>02/17/2020</RETURN_DATE>
    </RENT>
    <RENT ID="133" CLIENT_ID="4" CD_ID="55">
        <FROM_DATE>02/13/2020</FROM_DATE>
        <RETURN_STATE>0</RETURN_STATE>
        <RETURN_DATE>02/23/2020</RETURN_DATE>
    </RENT>
    <RENT ID="134" CLIENT_ID="16" CD_ID="56">
        <FROM_DATE>02/13/2020</FROM_DATE>
        <RETURN_STATE>0</RETURN_STATE>
        <RETURN_DATE>02/22/2020</RETURN_DATE>
    </RENT>
    <RENT ID="135" CLIENT_ID="16" CD_ID="57">
        <FROM_DATE>02/13/2020</FROM_DATE>
        <RETURN_STATE>0</RETURN_STATE>
        <RETURN_DATE>02/24/2020</RETURN_DATE>
    </RENT>
    <RENT ID="136" CLIENT_ID="14" CD_ID="58">
        <FROM_DATE>02/13/2020</FROM_DATE>
        <RETURN_STATE>0</RETURN_STATE>
        <RETURN_DATE>02/25/2020</RETURN_DATE>
    </RENT>
    <RENT ID="137" CLIENT_ID="34" CD_ID="59">
        <FROM_DATE>02/13/2020</FROM_DATE>
        <RETURN_STATE>0</RETURN_STATE>
        <RETURN_DATE>02/19/2020</RETURN_DATE>
    </RENT>
    <RENT ID="138" CLIENT_ID="28" CD_ID="60">
        <FROM_DATE>02/13/2020</FROM_DATE>
        <RETURN_STATE>0</RETURN_STATE>
        <RETURN_DATE>02/20/2020</RETURN_DATE>
    </RENT>
    <RENT ID="139" CLIENT_ID="9" CD_ID="61">
        <FROM_DATE>02/13/2020</FROM_DATE>
        <RETURN_STATE>0</RETURN_STATE>
        <RETURN_DATE>02/17/2020</RETURN_DATE>
    </RENT>
    <RENT ID="140" CLIENT_ID="30" CD_ID="62">
        <FROM_DATE>02/13/2020</FROM_DATE>
        <RETURN_STATE>0</RETURN_STATE>
        <RETURN_DATE>02/25/2020</RETURN_DATE>
    </RENT>
    <RENT ID="141" CLIENT_ID="6" CD_ID="63">
        <FROM_DATE>02/15/2020</FROM_DATE>
        <RETURN_STATE>0</RETURN_STATE>
        <RETURN_DATE>02/25/2020</RETURN_DATE>
    </RENT>
    <RENT ID="142" CLIENT_ID="6" CD_ID="64">
        <FROM_DATE>02/15/2020</FROM_DATE>
        <RETURN_STATE>0</RETURN_STATE>
        <RETURN_DATE>02/26/2020</RETURN_DATE>
    </RENT>
    <RENT ID="143" CLIENT_ID="21" CD_ID="65">
        <FROM_DATE>02/15/2020</FROM_DATE>
        <RETURN_STATE>0</RETURN_STATE>
        <RETURN_DATE>02/23/2020</RETURN_DATE>
    </RENT>
    <RENT ID="144" CLIENT_ID="24" CD_ID="66">
        <FROM_DATE>02/15/2020</FROM_DATE>
        <RETURN_STATE>0</RETURN_STATE>
        <RETURN_DATE>02/23/2020</RETURN_DATE>
    </RENT>
    <RENT ID="145" CLIENT_ID="22" CD_ID="67">
        <FROM_DATE>02/16/2020</FROM_DATE>
        <RETURN_STATE>0</RETURN_STATE>
        <RETURN_DATE>02/23/2020</RETURN_DATE>
    </RENT>
    <RENT ID="146" CLIENT_ID="13" CD_ID="68">
        <FROM_DATE>02/16/2020</FROM_DATE>
        <RETURN_STATE>0</RETURN_STATE>
        <RETURN_DATE>02/24/2020</RETURN_DATE>
    </RENT>
    <RENT ID="147" CLIENT_ID="21" CD_ID="69">
        <FROM_DATE>02/17/2020</FROM_DATE>
        <RETURN_STATE>0</RETURN_STATE>
        <RETURN_DATE>02/22/2020</RETURN_DATE>
    </RENT>
    <RENT ID="148" CLIENT_ID="14" CD_ID="70">
        <FROM_DATE>02/17/2020</FROM_DATE>
        <RETURN_STATE>functional</RETURN_STATE>
        <RETURN_DATE>02/25/2020</RETURN_DATE>
    </RENT>
    <RENT ID="149" CLIENT_ID="32" CD_ID="71">
        <FROM_DATE>02/17/2020</FROM_DATE>
        <RETURN_STATE>0</RETURN_STATE>
        <RETURN_DATE>02/24/2020</RETURN_DATE>
    </RENT>
    <RENT ID="150" CLIENT_ID="15" CD_ID="72">
        <FROM_DATE>02/18/2020</FROM_DATE>
        <RETURN_STATE>0</RETURN_STATE>
        <RETURN_DATE>02/20/2020</RETURN_DATE>
    </RENT>
    <RENT ID="151" CLIENT_ID="21" CD_ID="73">
        <FROM_DATE>02/18/2020</FROM_DATE>
        <RETURN_STATE>0</RETURN_STATE>
        <RETURN_DATE>02/23/2020</RETURN_DATE>
    </RENT>
    <RENT ID="152" CLIENT_ID="5" CD_ID="74">
        <FROM_DATE>02/18/2020</FROM_DATE>
        <RETURN_STATE>0</RETURN_STATE>
        <RETURN_DATE>02/23/2020</RETURN_DATE>
    </RENT>
    <RENT ID="153" CLIENT_ID="27" CD_ID="75">
        <FROM_DATE>02/18/2020</FROM_DATE>
        <RETURN_STATE>0</RETURN_STATE>
        <RETURN_DATE>02/23/2020</RETURN_DATE>
    </RENT>
    <RENT ID="154" CLIENT_ID="15" CD_ID="76">
        <FROM_DATE>02/18/2020</FROM_DATE>
        <RETURN_STATE>0</RETURN_STATE>
        <RETURN_DATE>02/23/2020</RETURN_DATE>
    </RENT>
    <RENT ID="155" CLIENT_ID="25" CD_ID="77">
        <FROM_DATE>02/18/2020</FROM_DATE>
        <RETURN_STATE>0</RETURN_STATE>
        <RETURN_DATE>02/23/2020</RETURN_DATE>
    </RENT>
    <RENT ID="156" CLIENT_ID="17" CD_ID="78">
        <FROM_DATE>02/18/2020</FROM_DATE>
        <RETURN_STATE>0</RETURN_STATE>
        <RETURN_DATE>02/26/2020</RETURN_DATE>
    </RENT>


    <RENT ID="157" CLIENT_ID="1" CD_ID="31">
        <FROM_DATE>03/01/2020</FROM_DATE>
        <RETURN_STATE>0</RETURN_STATE>
        <RETURN_DATE>03/10/2020</RETURN_DATE>
    </RENT>
    <RENT ID="158" CLIENT_ID="16" CD_ID="32">
        <FROM_DATE>03/01/2020</FROM_DATE>
        <RETURN_STATE>0</RETURN_STATE>
        <RETURN_DATE>03/09/2020</RETURN_DATE>
    </RENT>
    <RENT ID="159" CLIENT_ID="32" CD_ID="33">
        <FROM_DATE>03/01/2020</FROM_DATE>
        <RETURN_STATE>0</RETURN_STATE>
        <RETURN_DATE>03/11/2020</RETURN_DATE>
    </RENT>
    <RENT ID="160" CLIENT_ID="12" CD_ID="34">
        <FROM_DATE>03/01/2020</FROM_DATE>
        <RETURN_STATE>0</RETURN_STATE>
        <RETURN_DATE>03/08/2020</RETURN_DATE>
    </RENT>
    <RENT ID="161" CLIENT_ID="33" CD_ID="35">
        <FROM_DATE>03/02/2020</FROM_DATE>
        <RETURN_STATE>0</RETURN_STATE>
        <RETURN_DATE>03/07/2020</RETURN_DATE>
    </RENT>
    <RENT ID="162" CLIENT_ID="14" CD_ID="36">
        <FROM_DATE>03/02/2020</FROM_DATE>
        <RETURN_STATE>0</RETURN_STATE>
        <RETURN_DATE>03/16/2020</RETURN_DATE>
    </RENT>
    <RENT ID="163" CLIENT_ID="4" CD_ID="37">
        <FROM_DATE>03/02/2020</FROM_DATE>
        <RETURN_STATE>0</RETURN_STATE>
        <RETURN_DATE>03/12/2020</RETURN_DATE>
    </RENT>
    <RENT ID="164" CLIENT_ID="1" CD_ID="50">
        <FROM_DATE>03/05/2020</FROM_DATE>
        <RETURN_STATE>0</RETURN_STATE>
        <RETURN_DATE>03/14/2020</RETURN_DATE>
    </RENT>
    <RENT ID="165" CLIENT_ID="19" CD_ID="38">
        <FROM_DATE>03/03/2020</FROM_DATE>
        <RETURN_STATE>0</RETURN_STATE>
        <RETURN_DATE>03/13/2020</RETURN_DATE>
    </RENT>
    <RENT ID="166" CLIENT_ID="16" CD_ID="39">
        <FROM_DATE>03/05/2020</FROM_DATE>
        <RETURN_STATE>0</RETURN_STATE>
        <RETURN_DATE>03/14/2020</RETURN_DATE>
    </RENT>
    <RENT ID="167" CLIENT_ID="12" CD_ID="39">
        <FROM_DATE>03/16/2020</FROM_DATE>
        <RETURN_STATE>0</RETURN_STATE>
        <RETURN_DATE>03/22/2020</RETURN_DATE>
    </RENT>

    <RENT ID="168" CLIENT_ID="14" CD_ID="39">
        <FROM_DATE>03/23/2020</FROM_DATE>
        <RETURN_STATE>0</RETURN_STATE>
        <RETURN_DATE>03/29/2020</RETURN_DATE>
    </RENT>
    <RENT ID="169" CLIENT_ID="12" CD_ID="3">
        <FROM_DATE>04/01/2020</FROM_DATE>
        <RETURN_STATE>2</RETURN_STATE>
        <RETURN_DATE>04/13/2020</RETURN_DATE>
    </RENT>
    <RENT ID="170" CLIENT_ID="27" CD_ID="19">
        <FROM_DATE>04/01/2020</FROM_DATE>
        <RETURN_STATE>2</RETURN_STATE>
        <RETURN_DATE>04/12/2020</RETURN_DATE>
    </RENT>
    <RENT ID="171" CLIENT_ID="20" CD_ID="20">
        <FROM_DATE>04/02/2020</FROM_DATE>
        <RETURN_STATE>2</RETURN_STATE>
        <RETURN_DATE>04/10/2020</RETURN_DATE>
    </RENT>
    <RENT ID="172" CLIENT_ID="2" CD_ID="21">
        <FROM_DATE>04/03/2020</FROM_DATE>
        <RETURN_STATE>2</RETURN_STATE>
        <RETURN_DATE>04/14/2020</RETURN_DATE>
    </RENT>

    <RENT ID="173" CLIENT_ID="34" CD_ID="43">
        <FROM_DATE>04/03/2020</FROM_DATE>
        <RETURN_STATE>2</RETURN_STATE>
        <RETURN_DATE>04/10/2020</RETURN_DATE>
    </RENT>
    <RENT ID="174" CLIENT_ID="14" CD_ID="44">
        <FROM_DATE>04/03/2020</FROM_DATE>
        <RETURN_STATE>2</RETURN_STATE>
        <RETURN_DATE>04/11/2020</RETURN_DATE>
    </RENT>
    <RENT ID="175" CLIENT_ID="22" CD_ID="52">
        <FROM_DATE>04/03/2020</FROM_DATE>
        <RETURN_STATE>2</RETURN_STATE>
        <RETURN_DATE>04/12/2020</RETURN_DATE>
    </RENT>
    <RENT ID="176" CLIENT_ID="17" CD_ID="63">
        <FROM_DATE>04/04/2020</FROM_DATE>
        <RETURN_STATE>2</RETURN_STATE>
        <RETURN_DATE>04/13/2020</RETURN_DATE>
    </RENT>
    <RENT ID="177" CLIENT_ID="11" CD_ID="76">
        <FROM_DATE>04/04/2020</FROM_DATE>
        <RETURN_STATE>2</RETURN_STATE>
        <RETURN_DATE>04/11/2020</RETURN_DATE>
    </RENT>
    <RENT ID="178" CLIENT_ID="11" CD_ID="12">
        <FROM_DATE>04/04/2020</FROM_DATE>
        <RETURN_STATE>damaged</RETURN_STATE>
        <RETURN_DATE>04/14/2020</RETURN_DATE>
    </RENT>
    <RENT ID="179" CLIENT_ID="15" CD_ID="2">
        <FROM_DATE>04/13/2020</FROM_DATE>
    </RENT>
    <RENT ID="180" CLIENT_ID="23" CD_ID="6">
        <FROM_DATE>04/13/2020</FROM_DATE>
    </RENT>
    <RENT ID="181" CLIENT_ID="33" CD_ID="7">
        <FROM_DATE>04/13/2020</FROM_DATE>
    </RENT>
    <RENT ID="182" CLIENT_ID="19" CD_ID="9">
        <FROM_DATE>04/13/2020</FROM_DATE>
    </RENT>
    <RENT ID="183" CLIENT_ID="6" CD_ID="11">
        <FROM_DATE>04/13/2020</FROM_DATE>
    </RENT>
    <RENT ID="184" CLIENT_ID="34" CD_ID="22">
        <FROM_DATE>04/13/2020</FROM_DATE>
    </RENT>
    <RENT ID="185" CLIENT_ID="16" CD_ID="23">
        <FROM_DATE>04/13/2020</FROM_DATE>
    </RENT>
    <RENT ID="186" CLIENT_ID="13" CD_ID="24">
        <FROM_DATE>04/13/2020</FROM_DATE>
    </RENT>
    <RENT ID="187" CLIENT_ID="30" CD_ID="25">
        <FROM_DATE>04/13/2020</FROM_DATE>
    </RENT>
    <RENT ID="188" CLIENT_ID="23" CD_ID="26">
        <FROM_DATE>04/13/2020</FROM_DATE>
    </RENT>
    <RENT ID="189" CLIENT_ID="1" CD_ID="27">
        <FROM_DATE>04/13/2020</FROM_DATE>
    </RENT>
    <RENT ID="190" CLIENT_ID="6" CD_ID="29">
        <FROM_DATE>04/13/2020</FROM_DATE>
    </RENT>
    <RENT ID="191" CLIENT_ID="18" CD_ID="30">
        <FROM_DATE>04/13/2020</FROM_DATE>
    </RENT>
    <RENT ID="192" CLIENT_ID="33" CD_ID="32">
        <FROM_DATE>04/13/2020</FROM_DATE>
    </RENT>
    <RENT ID="193" CLIENT_ID="8" CD_ID="33">
        <FROM_DATE>04/13/2020</FROM_DATE>
    </RENT>
    <RENT ID="194" CLIENT_ID="1" CD_ID="35">
        <FROM_DATE>04/13/2020</FROM_DATE>
    </RENT>
    <RENT ID="195" CLIENT_ID="13" CD_ID="36">
        <FROM_DATE>04/13/2020</FROM_DATE>
    </RENT>
    <RENT ID="196" CLIENT_ID="18" CD_ID="37">
        <FROM_DATE>04/13/2020</FROM_DATE>
    </RENT>
    <RENT ID="197" CLIENT_ID="25" CD_ID="38">
        <FROM_DATE>04/13/2020</FROM_DATE>
    </RENT>
    <RENT ID="198" CLIENT_ID="29" CD_ID="39">
        <FROM_DATE>04/13/2020</FROM_DATE>
    </RENT>
    <RENT ID="199" CLIENT_ID="28" CD_ID="40">
        <FROM_DATE>04/13/2020</FROM_DATE>
    </RENT>
    <RENT ID="200" CLIENT_ID="13" CD_ID="41">
        <FROM_DATE>04/13/2020</FROM_DATE>
    </RENT>
    <RENT ID="201" CLIENT_ID="30" CD_ID="42">
        <FROM_DATE>04/13/2020</FROM_DATE>
    </RENT>
    <RENT ID="202" CLIENT_ID="16" CD_ID="45">
        <FROM_DATE>04/13/2020</FROM_DATE>
    </RENT>
    <RENT ID="203" CLIENT_ID="15" CD_ID="46">
        <FROM_DATE>04/13/2020</FROM_DATE>
    </RENT>
    <RENT ID="204" CLIENT_ID="20" CD_ID="47">
        <FROM_DATE>04/13/2020</FROM_DATE>
    </RENT>
    <RENT ID="205" CLIENT_ID="22" CD_ID="48">
        <FROM_DATE>04/13/2020</FROM_DATE>
    </RENT>
    <RENT ID="206" CLIENT_ID="8" CD_ID="49">
        <FROM_DATE>04/13/2020</FROM_DATE>
    </RENT>
    <RENT ID="207" CLIENT_ID="23" CD_ID="50">
        <FROM_DATE>04/13/2020</FROM_DATE>
    </RENT>
    <RENT ID="208" CLIENT_ID="29" CD_ID="51">
        <FROM_DATE>04/13/2020</FROM_DATE>
    </RENT>
    <RENT ID="209" CLIENT_ID="15" CD_ID="53">
        <FROM_DATE>04/13/2020</FROM_DATE>
    </RENT>
    <RENT ID="210" CLIENT_ID="3" CD_ID="54">
        <FROM_DATE>04/13/2020</FROM_DATE>
    </RENT>
    <RENT ID="211" CLIENT_ID="1" CD_ID="55">
        <FROM_DATE>04/13/2020</FROM_DATE>
    </RENT>
    <RENT ID="212" CLIENT_ID="17" CD_ID="56">
        <FROM_DATE>04/13/2020</FROM_DATE>
    </RENT>
    <RENT ID="213" CLIENT_ID="25" CD_ID="57">
        <FROM_DATE>04/13/2020</FROM_DATE>
    </RENT>
    <RENT ID="214" CLIENT_ID="5" CD_ID="58">
        <FROM_DATE>04/13/2020</FROM_DATE>
    </RENT>
    <RENT ID="215" CLIENT_ID="19" CD_ID="59">
        <FROM_DATE>04/13/2020</FROM_DATE>
    </RENT>
    <RENT ID="216" CLIENT_ID="5" CD_ID="60">
        <FROM_DATE>04/13/2020</FROM_DATE>
    </RENT>
    <RENT ID="217" CLIENT_ID="31" CD_ID="64">
        <FROM_DATE>04/13/2020</FROM_DATE>
    </RENT>
    <RENT ID="218" CLIENT_ID="23" CD_ID="66">
        <FROM_DATE>04/13/2020</FROM_DATE>
    </RENT>
    <RENT ID="219" CLIENT_ID="6" CD_ID="68">
        <FROM_DATE>04/13/2020</FROM_DATE>
    </RENT>
    <RENT ID="220" CLIENT_ID="5" CD_ID="69">
        <FROM_DATE>04/13/2020</FROM_DATE>
    </RENT>
    <RENT ID="221" CLIENT_ID="22" CD_ID="75">
        <FROM_DATE>04/13/2020</FROM_DATE>
    </RENT>
    <RENT ID="222" CLIENT_ID="29" CD_ID="77">
        <FROM_DATE>04/13/2020</FROM_DATE>
    </RENT>
    <RENT ID="223" CLIENT_ID="18" CD_ID="78">
        <FROM_DATE>04/13/2020</FROM_DATE>
    </RENT>
</RENTS>