<?xml version="1.0" encoding="UTF-8"?>
<SINGERS>
    <SINGER ID="13">
        <YEAR_STARTED_PERFORMING>1988</YEAR_STARTED_PERFORMING>
        <YEAR_OF_BIRTH>1972</YEAR_OF_BIRTH>
    </SINGER>
    <SINGER ID="14">
        <YEAR_STARTED_PERFORMING>1987</YEAR_STARTED_PERFORMING>
        <YEAR_OF_BIRTH>1971</YEAR_OF_BIRTH>
    </SINGER>
    <SINGER ID="15">
        <YEAR_STARTED_PERFORMING>1988</YEAR_STARTED_PERFORMING>
    </SINGER>
    <SINGER ID="20">
        <YEAR_STARTED_PERFORMING>2015</YEAR_STARTED_PERFORMING>
        <AGE>24</AGE>
    </SINGER>
</SINGERS>